feature,importance
mean_temp,0.48174492221419635
ev_share,0.16764026465566956
total_vehicles,0.15781485011187604
rainfall,0.12894895870415715
mean_humidity,0.06385100431410091
